2012-07-29, 68310, 89207, 106943
2012-07-30, 67682, 88537, 106471
2012-07-31, 68720, 88616, 106673
2012-08-01, 69520, 88739, 106652
2012-08-02, 69474, 89396, 106723
2012-08-03, 69464, 89955, 106925
2012-08-04, 69585, 89734, 107266
2012-08-05, 68866, 89192, 107203
2012-08-06, 68309, 88641, 106693
2012-08-07, 69476, 88918, 106565
2012-08-08, 70353, 89118, 106543
2012-08-09, 69998, 89766, 106643
2012-08-10, 69824, 90264, 106719
2012-08-11, 69529, 90020, 107035
2012-08-12, 68736, 89427, 107005
2012-08-13, 68033, 88921, 106412
2012-08-14, 69206, 89169, 106476
2012-08-15, 70106, 89401, 106409
2012-08-16, 69889, 89912, 106331
2012-08-17, 69792, 90431, 106381
2012-08-18, 69488, 90166, 106723
2012-08-19, 68684, 89567, 106637
2012-08-20, 68061, 88974, 105958
2012-08-21, 69124, 89124, 105942
2012-08-22, 70156, 89468, 105998
2012-08-23, 70142, 90133, 106057
2012-08-24, 70083, 90678, 106205
2012-08-25, 69813, 90357, 106505
2012-08-26, 69125, 89790, 106520
2012-08-27, 68581, 89225, 106195
2012-08-28, 69849, 89640, 106410
2012-08-29, 70866, 90007, 106556
2012-08-30, 70859, 90734, 106697
2012-08-31, 70785, 91295, 106789
2012-09-01, 70505, 91028, 107123
2012-09-02, 69679, 90448, 107055
2012-09-03, 69123, 90164, 106549
2012-09-04, 69888, 90222, 106556
2012-09-05, 71121, 90762, 106869
2012-09-06, 71410, 91673, 107216
2012-09-07, 71585, 92438, 107526
2012-09-08, 71476, 92121, 107980
2012-09-09, 70748, 91482, 107968
2012-09-10, 70221, 90901, 107456
2012-09-11, 71454, 91247, 107747
2012-09-12, 72430, 91496, 107932
2012-09-13, 72407, 92231, 108135
2012-09-14, 72469, 92863, 108327
2012-09-15, 72412, 92703, 108725
2012-09-16, 71675, 92140, 108749
2012-09-17, 71151, 91599, 108219
2012-09-18, 72343, 91914, 108492
2012-09-19, 73498, 92386, 108750
2012-09-20, 73501, 93076, 108868
2012-09-21, 73456, 93695, 109086
2012-09-22, 73273, 93538, 109545
2012-09-23, 72494, 92925, 109497
2012-09-24, 71916, 92434, 109000
2012-09-25, 73081, 92822, 109258
2012-09-26, 74048, 93178, 109383
2012-09-27, 73916, 93832, 109585
2012-09-28, 73724, 94381, 109716
2012-09-29, 73586, 94206, 110136
2012-09-30, 72875, 93639, 110137
2012-10-01, 72341, 93106, 109607
2012-10-02, 73630, 93523, 109999
2012-10-03, 74676, 93880, 110409
2012-10-04, 75028, 94602, 110639
2012-10-05, 74813, 95197, 110810
2012-10-06, 74354, 95057, 111262
2012-10-07, 73428, 94474, 111279
2012-10-08, 72823, 93969, 110617
2012-10-09, 73874, 94209, 110729
2012-10-10, 74828, 94524, 110827
2012-10-11, 74804, 95201, 110946
2012-10-12, 74620, 95755, 111036
2012-10-13, 74386, 95579, 111463
2012-10-14, 73582, 95054, 111491
2012-10-15, 72940, 94591, 110968
2012-10-16, 74128, 94948, 111252
2012-10-17, 75109, 95335, 111433
2012-10-18, 75174, 96049, 111607
2012-10-19, 74949, 96633, 111811
2012-10-20, 74706, 96504, 112259
2012-10-21, 73945, 95938, 112300
2012-10-22, 73379, 95414, 111794
2012-10-23, 74465, 95610, 111919
2012-10-24, 75345, 95883, 112067
2012-10-25, 75099, 96513, 112251
2012-10-26, 74944, 97075, 112471
2012-10-27, 74733, 96784, 112862
2012-10-28, 73915, 96040, 112839
2012-10-29, 73234, 95496, 112322
2012-10-30, 74249, 95674, 112429
2012-10-31, 75000, 95860, 112460
2012-11-01, 74753, 96482, 112537
2012-11-02, 74642, 97068, 112680
2012-11-03, 74454, 97115, 113092
2012-11-04, 73660, 96377, 113079
2012-11-05, 73028, 95556, 112548
2012-11-06, 74135, 95672, 112721
2012-11-07, 75053, 95892, 112828
2012-11-08, 75027, 96523, 112946
2012-11-09, 74969, 97170, 113213
2012-11-10, 74814, 97014, 113668
2012-11-11, 74079, 96414, 113739
2012-11-12, 73594, 95902, 113262
2012-11-13, 74668, 96069, 113435
2012-11-14, 75566, 96256, 113579
2012-11-15, 75324, 96850, 113676
2012-11-16, 75074, 97358, 113827
2012-11-17, 74870, 97267, 114284
2012-11-18, 74081, 96501, 114266
2012-11-19, 73507, 95920, 113810
2012-11-20, 74540, 96032, 113860
2012-11-21, 75345, 96193, 113922
2012-11-22, 75122, 96772, 113957
2012-11-23, 74596, 96979, 113796
2012-11-24, 74127, 96430, 114028
2012-11-25, 73292, 95690, 113970
2012-11-26, 72732, 95098, 113344
2012-11-27, 73972, 95284, 113350
2012-11-28, 75049, 95518, 113495
2012-11-29, 75059, 96144, 113580
2012-11-30, 75106, 96692, 113736
2012-12-01, 74953, 96386, 114129
2012-12-02, 74211, 95738, 114156
2012-12-03, 73585, 95224, 113867
2012-12-04, 74758, 95460, 113890
2012-12-05, 75615, 95685, 113759
2012-12-06, 75493, 96324, 113738
2012-12-07, 75335, 96841, 113793
2012-12-08, 75156, 96721, 114239
2012-12-09, 74269, 96006, 114194
2012-12-10, 73617, 95421, 113615
2012-12-11, 74589, 95589, 113600
2012-12-12, 75317, 95784, 113602
2012-12-13, 75114, 96290, 113539
2012-12-14, 74896, 96712, 113526
2012-12-15, 74658, 96351, 113858
2012-12-16, 73868, 95638, 113835
2012-12-17, 73145, 95033, 113322
2012-12-18, 74023, 95057, 113174
2012-12-19, 74642, 95110, 113055
2012-12-20, 74379, 95610, 113017
2012-12-21, 74192, 96000, 113003
2012-12-22, 73823, 95575, 113241
2012-12-23, 73380, 94884, 113154
2012-12-24, 72903, 94263, 112389
2012-12-25, 72961, 93733, 111792
2012-12-26, 72799, 93270, 111211
2012-12-27, 71785, 93448, 110792
2012-12-28, 70942, 93578, 110438
2012-12-29, 70014, 93051, 110517
2012-12-30, 68976, 92414, 110448
2012-12-31, 68097, 91762, 109741
2013-01-01, 68188, 91249, 109198
2013-01-02, 68060, 90724, 108672
2013-01-03, 68378, 91630, 108888
2013-01-04, 68614, 92324, 109089
2013-01-05, 68318, 92081, 109473
2013-01-06, 67358, 91434, 109475
2013-01-07, 66614, 90879, 109011
2013-01-08, 68482, 91327, 109271
2013-01-09, 69848, 91724, 109467
2013-01-10, 69949, 92523, 109732
2013-01-11, 70047, 93090, 109926
2013-01-12, 69914, 92933, 110381
2013-01-13, 69091, 92324, 110375
2013-01-14, 68405, 91794, 109766
2013-01-15, 69790, 92134, 109941
2013-01-16, 70925, 92404, 110093
2013-01-17, 71088, 93185, 110237
2013-01-18, 71315, 93802, 110462
2013-01-19, 71357, 93683, 110941
2013-01-20, 70682, 93138, 110898
2013-01-21, 70206, 92578, 110338
2013-01-22, 71434, 93058, 110410
2013-01-23, 72661, 93581, 110643
2013-01-24, 73784, 94399, 110895
2013-01-25, 74823, 95110, 111240
2013-01-26, 75285, 94830, 111702
2013-01-27, 74975, 94168, 111739
2013-01-28, 74690, 93537, 111276
2013-01-29, 75827, 93739, 111475
2013-01-30, 76813, 93973, 111618
2013-01-31, 77581, 94692, 111823
2013-02-01, 78859, 95600, 112300
2013-02-02, 78535, 95606, 112965
2013-02-03, 77668, 95102, 113018
2013-02-04, 77092, 94489, 112504
2013-02-05, 78451, 94915, 112874
2013-02-06, 79427, 95249, 113103
2013-02-07, 79195, 96028, 113274
2013-02-08, 79183, 96707, 113501
2013-02-09, 79003, 96555, 113926
2013-02-10, 78281, 96050, 113908
2013-02-11, 77645, 95543, 113403
2013-02-12, 78789, 95890, 113658
2013-02-13, 79694, 96217, 113849
2013-02-14, 79705, 96955, 114005
2013-02-15, 79750, 97588, 114150
2013-02-16, 79583, 97463, 114546
2013-02-17, 78770, 96998, 114503
2013-02-18, 78161, 96557, 113972
2013-02-19, 78975, 96708, 114025
2013-02-20, 79984, 97152, 114231
2013-02-21, 80051, 97898, 114619
2013-02-22, 79961, 98618, 114956
2013-02-23, 79802, 99141, 115444
2013-02-24, 79000, 99241, 115447
2013-02-25, 78399, 99154, 114814
2013-02-26, 79561, 99750, 114953
2013-02-27, 80455, 100211, 114989
2013-02-28, 80260, 100822, 114984
2013-03-01, 80326, 101544, 115183
2013-03-02, 80149, 101946, 115618
2013-03-03, 78895, 102055, 115607
2013-03-04, 77903, 101258, 114977
2013-03-05, 79190, 101569, 115363
2013-03-06, 80078, 101848, 115400
2013-03-07, 79884, 102557, 115507
2013-03-08, 79799, 103128, 115670
2013-03-09, 79493, 102770, 116090
2013-03-10, 78683, 102165, 116074
2013-03-11, 78047, 101575, 115529
2013-03-12, 79181, 101836, 115754
2013-03-13, 80176, 102179, 116013
2013-03-14, 80131, 102875, 116209
2013-03-15, 80108, 103407, 116351
2013-03-16, 79921, 103286, 116825
2013-03-17, 79146, 102729, 116835
2013-03-18, 78486, 102158, 116336
2013-03-19, 79554, 102339, 116606
2013-03-20, 80536, 102641, 116900
2013-03-21, 80669, 103306, 117147
2013-03-22, 80488, 103823, 117352
2013-03-23, 80265, 103685, 117838
2013-03-24, 79517, 103062, 117928
2013-03-25, 78811, 102478, 117959
2013-03-26, 80054, 102779, 118785
2013-03-27, 81053, 103063, 119380
2013-03-28, 80826, 103631, 119699
2013-03-29, 80599, 104074, 119962
2013-03-30, 80124, 103689, 120282
2013-03-31, 79123, 103036, 120317
2013-04-01, 78358, 102370, 120203
2013-04-02, 79197, 102062, 120801
2013-04-03, 80238, 102114, 120844
2013-04-04, 80046, 102752, 120904
2013-04-05, 79955, 103269, 121066
2013-04-06, 79765, 102952, 121526
2013-04-07, 78924, 102295, 121475
2013-04-08, 78336, 101663, 120824
2013-04-09, 79529, 101917, 121033
2013-04-10, 80482, 102154, 121118
2013-04-11, 80567, 102827, 121228
2013-04-12, 80666, 103477, 121430
2013-04-13, 80810, 103415, 121911
2013-04-14, 80215, 102916, 121884
2013-04-15, 79627, 102346, 121377
2013-04-16, 81352, 102813, 121641
2013-04-17, 82476, 103190, 121894
2013-04-18, 82519, 103852, 122004
2013-04-19, 82432, 104385, 122114
2013-04-20, 82167, 104337, 122536
2013-04-21, 81357, 103709, 122500
2013-04-22, 80732, 103082, 121979
2013-04-23, 81642, 103230, 122012
2013-04-24, 82479, 103375, 122086
2013-04-25, 82282, 104008, 122152
2013-04-26, 82026, 104504, 122211
2013-04-27, 81872, 104204, 122552
2013-04-28, 81222, 103607, 122522
2013-04-29, 80891, 103009, 121962
2013-04-30, 81892, 103076, 122057
2013-05-01, 82678, 103169, 122037
2013-05-02, 82631, 103606, 121654
2013-05-03, 82470, 104068, 121455
2013-05-04, 82176, 103673, 121748
2013-05-05, 81428, 103023, 121658
2013-05-06, 80828, 102357, 120930
2013-05-07, 81849, 102555, 121066
2013-05-08, 82771, 102853, 121130
2013-05-09, 82782, 103442, 121147
2013-05-10, 82728, 103857, 121139
2013-05-11, 82510, 103565, 121433
2013-05-12, 81825, 102910, 121363
2013-05-13, 81247, 102277, 120781
2013-05-14, 82158, 102429, 120937
2013-05-15, 83123, 102705, 121105
2013-05-16, 83140, 103354, 121205
2013-05-17, 83064, 103912, 121312
2013-05-18, 82774, 103700, 121700
2013-05-19, 81934, 103032, 121634
2013-05-20, 81267, 102386, 121206
2013-05-21, 82134, 102480, 121237
2013-05-22, 83045, 102751, 121332
2013-05-23, 83051, 103355, 121419
2013-05-24, 82938, 103825, 121412
2013-05-25, 82594, 103397, 121733
2013-05-26, 81797, 102630, 121668
2013-05-27, 81023, 102038, 121001
2013-05-28, 81532, 101925, 120820
2013-05-29, 82373, 102352, 120888
2013-05-30, 82251, 102976, 120836
2013-05-31, 82119, 103528, 120856
2013-06-01, 82080, 103466, 121203
2013-06-02, 81218, 102770, 121130
2013-06-03, 80606, 102154, 120438
2013-06-04, 81710, 102480, 120648
2013-06-05, 82621, 102744, 120729
2013-06-06, 84921, 104639, 121318
2013-06-07, 85415, 105503, 121589
2013-06-08, 85315, 105382, 121960
2013-06-09, 84728, 104895, 121904
2013-06-10, 84212, 104381, 121339
2013-06-11, 85174, 104631, 121453
2013-06-12, 86025, 104919, 121518
2013-06-13, 85981, 105507, 121562
2013-06-14, 85817, 106018, 121600
2013-06-15, 85557, 105775, 121915
2013-06-16, 84835, 105118, 121873
2013-06-17, 84236, 104495, 121299
2013-06-18, 85230, 104663, 121460
2013-06-19, 85980, 104816, 121494
2013-06-20, 86081, 105416, 121566
2013-06-21, 85920, 105884, 121604
2013-06-22, 85667, 105725, 121960
2013-06-23, 84968, 105128, 121926
2013-06-24, 84447, 104513, 121262
2013-06-26, 86236, 104795, 121411
2013-06-27, 86553, 105398, 121521
2013-06-28, 86566, 105908, 121787
2013-06-29, 86386, 105635, 122141
2013-06-30, 85691, 105043, 122166
2013-07-01, 85084, 104606, 121742
2013-07-02, 86112, 104847, 121918
2013-07-03, 86989, 105102, 122041
2013-07-04, 86962, 105687, 122154
2013-07-05, 86590, 106030, 122093
2013-07-06, 83201, 105733, 122359
2013-07-07, 81526, 105056, 122325
2013-07-08, 80759, 104484, 121827
2013-07-09, 81860, 104831, 122153
2013-07-10, 82720, 105105, 122293
2013-07-11, 82660, 105675, 122406
2013-07-12, 82551, 106218, 122553
2013-07-13, 82279, 105977, 122882
2013-07-14, 81442, 105315, 122866
2013-07-15, 80763, 104693, 122317
2013-07-16, 81839, 104945, 122469
2013-07-17, 82655, 105134, 122490
2013-07-18, 82491, 105725, 122484
2013-07-19, 82384, 106232, 122538
2013-07-20, 82132, 106104, 122860
2013-07-21, 81408, 105448, 122823
2013-07-22, 80729, 104832, 122302
2013-07-23, 81751, 105054, 122435
2013-07-24, 82552, 105261, 122460
2013-07-25, 82516, 105863, 122493
2013-07-26, 82348, 106409, 122471
2013-07-27, 82047, 106546, 122897
2013-07-28, 81116, 105973, 122818
2013-07-29, 80320, 105424, 122179
2013-07-30, 81275, 105555, 122238
2013-07-31, 82133, 105754, 122420
2013-08-01, 81999, 106321, 122399
2013-08-02, 81908, 106846, 122472
2013-08-03, 81643, 106688, 122860
2013-08-04, 81143, 106083, 122837
2013-08-05, 80613, 102961, 122281
2013-08-06, 81639, 102372, 122306
2013-08-07, 82448, 102383, 122331
2013-08-08, 82349, 102960, 122448
2013-08-09, 82153, 103369, 122478
2013-08-10, 81825, 103066, 122748
2013-08-11, 80974, 102392, 122706
2013-08-12, 80317, 101782, 122139
2013-08-13, 81333, 101883, 122148
2013-08-14, 82184, 102010, 122123
2013-08-15, 81988, 102534, 122115
2013-08-16, 81801, 102995, 122125
2013-08-17, 81590, 102714, 122494
2013-08-18, 80798, 102068, 122435
2013-08-19, 80138, 101442, 121956
2013-08-20, 81244, 101688, 122070
2013-08-21, 81996, 101750, 122001
2013-08-22, 81882, 102320, 122019
2013-08-23, 81731, 102770, 122033
2013-08-24, 81548, 102556, 122390
2013-08-25, 80697, 101857, 122365
2013-08-26, 80001, 101175, 122098
2013-08-27, 81042, 101275, 122282
2013-08-28, 81980, 101479, 122453
2013-08-29, 81977, 102104, 122538
2013-08-30, 81832, 102607, 122547
2013-08-31, 81514, 102293, 122898
2013-09-01, 80743, 101615, 122853
2013-09-02, 80054, 100956, 122300
2013-09-03, 80712, 101059, 122188
2013-09-04, 81838, 101561, 120141
2013-09-05, 82049, 102344, 119672
2013-09-06, 82098, 102891, 119623
2013-09-07, 81936, 102703, 120046
2013-09-08, 81199, 102079, 119981
2013-09-09, 80663, 101529, 119459
2013-09-10, 81762, 101752, 119614
2013-09-11, 82618, 101943, 119675
2013-09-12, 82763, 102626, 119758
2013-09-13, 82757, 103200, 119844
2013-09-14, 82605, 103011, 120262
2013-09-15, 81941, 102381, 120260
2013-09-16, 81301, 101832, 119653
2013-09-17, 82394, 102132, 119879
2013-09-18, 83298, 102367, 119970
2013-09-19, 83319, 103022, 120063
2013-09-20, 83352, 103576, 120147
2013-09-21, 83218, 103358, 120526
2013-09-22, 82622, 102812, 120555
2013-09-23, 82047, 102323, 120064
2013-09-24, 83105, 102459, 120150
2013-09-25, 84044, 102665, 120214
2013-09-26, 84149, 103401, 120275
2013-09-27, 84091, 103966, 120362
2013-09-28, 83972, 103825, 120785
2013-09-29, 83180, 103229, 120820
2013-09-30, 82513, 102638, 120220
2013-10-01, 83572, 102863, 120306
2013-10-02, 84546, 103138, 120421
2013-10-03, 84932, 103857, 120744
2013-10-04, 84764, 104424, 120938
2013-10-05, 84588, 104320, 121391
2013-10-06, 83190, 103806, 121385
2013-10-07, 82548, 103309, 120877
2013-10-08, 83694, 103674, 121119
2013-10-09, 84601, 104014, 121241
2013-10-10, 84548, 104687, 121313
2013-10-11, 84579, 105266, 121466
2013-10-12, 84339, 105135, 121847
2013-10-13, 83629, 104525, 121846
2013-10-14, 83022, 103992, 121297
2013-10-15, 83987, 104218, 121410
2013-10-16, 84841, 104401, 121487
2013-10-17, 84808, 105073, 121601
2013-10-18, 84886, 105718, 121788
2013-10-19, 84651, 105554, 122155
2013-10-20, 83865, 104992, 122109
2013-10-21, 83305, 104509, 121545
2013-10-22, 84304, 104808, 121732
2013-10-23, 85125, 104938, 121816
2013-10-24, 85275, 105703, 121890
2013-10-25, 85055, 106199, 121857
2013-10-26, 84841, 106065, 122271
2013-10-27, 83987, 105410, 122208
2013-10-28, 83311, 104914, 121706
2013-10-29, 84286, 105049, 121799
2013-10-30, 85166, 105210, 121891
2013-10-31, 85074, 105870, 121991
2013-11-01, 84904, 106393, 122054
2013-11-02, 84618, 106414, 122392
2013-11-03, 83886, 105726, 122378
2013-11-04, 83225, 105104, 121874
2013-11-05, 84202, 104649, 122098
2013-11-06, 85045, 104778, 122202
2013-11-07, 85050, 105469, 122375
2013-11-08, 84994, 106053, 122522
2013-11-09, 84747, 105780, 122885
2013-11-10, 83962, 105246, 122870
2013-11-11, 83343, 104643, 122373
2013-11-12, 84306, 104795, 122446
2013-11-13, 85203, 104998, 122548
2013-11-14, 85293, 105662, 122684
2013-11-15, 85203, 106149, 122723
2013-11-16, 84952, 105895, 123128
2013-11-17, 84239, 105343, 123150
2013-11-18, 83678, 104776, 122658
2013-11-19, 84889, 105105, 122986
2013-11-20, 85793, 105363, 123163
2013-11-21, 85842, 106026, 123374
2013-11-22, 85848, 106568, 123429
2013-11-23, 85660, 106422, 123863
2013-11-24, 84970, 105770, 123851
2013-11-25, 84339, 105174, 123364
2013-11-26, 85282, 105277, 123422
2013-11-27, 85999, 105329, 123450
2013-11-28, 85789, 105766, 123321
2013-11-29, 85194, 105955, 123023
2013-11-30, 84489, 105338, 123129
2013-12-01, 83692, 104668, 123106
2013-12-02, 83081, 104013, 122732
2013-12-03, 84062, 104179, 122760
2013-12-04, 84930, 104372, 122819
2013-12-05, 84933, 104977, 122231
2013-12-06, 84877, 105510, 122218
2013-12-07, 84640, 105320, 122632
2013-12-08, 83864, 104660, 122590
2013-12-09, 83192, 104048, 121963
2013-12-10, 84130, 104178, 122106
2013-12-11, 84930, 104331, 122085
2013-12-12, 84902, 104924, 122106
2013-12-13, 84716, 105390, 122097
2013-12-14, 84352, 105179, 122416
2013-12-15, 83500, 104510, 122318
2013-12-16, 82779, 103862, 121702
2013-12-17, 83523, 103842, 121671
2013-12-18, 84136, 103884, 121546
2013-12-19, 83748, 104357, 121424
2013-12-20, 83531, 104827, 121432
2013-12-21, 83100, 104589, 121728
2013-12-22, 82230, 103996, 121697
2013-12-23, 81446, 103380, 121141
2013-12-24, 81823, 103121, 120770
2013-12-25, 81830, 102699, 120280
2013-12-26, 80754, 102657, 119678
2013-12-27, 79982, 102715, 119289
2013-12-28, 79339, 102155, 119344
2013-12-29, 78880, 101429, 119305
2013-12-30, 78394, 100702, 118546
2013-12-31, 78801, 100358, 118199
2014-01-01, 78868, 100004, 117716
2014-01-02, 77717, 99926, 117171
2014-01-03, 77362, 100363, 117156
2014-01-04, 76906, 100167, 117514
2014-01-05, 75865, 99487, 117485
2014-01-06, 74987, 98845, 116939
2014-01-07, 76542, 99278, 117263
2014-01-08, 77772, 99658, 117494
2014-01-09, 77892, 100507, 117720
2014-01-10, 78005, 101261, 117972
2014-01-11, 77870, 101263, 118518
2014-01-12, 76910, 100551, 118454
2014-01-13, 76192, 99894, 117958
2014-01-14, 77614, 100217, 118212
2014-01-15, 78720, 100434, 118296
2014-01-16, 78926, 101218, 118512
2014-01-17, 78963, 101806, 118682
2014-01-18, 78813, 101467, 119103
2014-01-19, 77810, 100714, 119084
2014-01-20, 76932, 100005, 118567
2014-01-21, 78110, 100142, 118775
2014-01-22, 79347, 100403, 118965
2014-01-23, 79960, 101102, 119119
2014-01-24, 80757, 101698, 119260
2014-01-25, 81516, 101474, 119756
2014-01-26, 81424, 100877, 119768
2014-01-27, 81226, 100329, 119213
2014-01-28, 82322, 100852, 119313
2014-01-29, 83304, 101323, 119357
2014-01-30, 83899, 102050, 119451
2014-01-31, 84612, 102646, 119629
2014-02-01, 85336, 102464, 120074
2014-02-02, 84809, 101738, 120034
2014-02-03, 84404, 101096, 119578
2014-02-04, 85540, 101377, 119829
2014-02-05, 86503, 101604, 119985
2014-02-06, 86648, 102375, 120156
2014-02-07, 86720, 103038, 120355
2014-02-08, 86609, 102834, 120800
2014-02-09, 85794, 102200, 120844
2014-02-10, 85130, 101568, 120391
2014-02-11, 86290, 101898, 120628
2014-02-12, 87135, 102139, 120666
2014-02-13, 87193, 102937, 120839
2014-02-14, 87136, 103552, 120938
2014-02-15, 86892, 103427, 121321
2014-02-16, 86065, 102842, 121266
2014-02-17, 85455, 102276, 120571
2014-02-18, 85897, 102282, 120517
2014-02-19, 86921, 102568, 120647
2014-02-20, 87088, 103275, 120689
2014-02-21, 87025, 103975, 120803
2014-02-22, 86880, 104234, 121279
2014-02-23, 86088, 104133, 121238
2014-02-24, 85452, 104226, 120612
2014-02-25, 86515, 105014, 120839
2014-02-26, 87418, 105578, 121024
2014-02-27, 87436, 106291, 121405
2014-02-28, 87373, 106890, 121664
2014-03-01, 87125, 107082, 122065
2014-03-02, 86299, 106998, 122036
2014-03-03, 85628, 107080, 121464
2014-03-04, 86732, 107550, 121644
2014-03-05, 87646, 107968, 121719
2014-03-06, 87720, 108699, 121810
2014-03-07, 87786, 109386, 121942
2014-03-08, 87775, 109388, 122517
2014-03-09, 87017, 108788, 122493
2014-03-10, 86404, 108228, 121872
2014-03-11, 87474, 108424, 122042
2014-03-12, 88328, 108593, 122120
2014-03-13, 88217, 109261, 122204
2014-03-14, 88253, 109856, 122368
2014-03-15, 88045, 109656, 122780
2014-03-16, 87280, 109024, 122755
2014-03-17, 86656, 108397, 122257
2014-03-18, 87678, 108535, 122465
2014-03-19, 88484, 108741, 122569
2014-03-20, 88638, 109004, 122577
2014-03-21, 88455, 109552, 122619
2014-03-22, 88195, 109381, 122965
2014-03-23, 87418, 108684, 122970
2014-03-24, 86687, 108037, 122710
2014-03-25, 87730, 108245, 123379
2014-03-26, 88515, 108376, 124008
2014-03-27, 88574, 109024, 124540
2014-03-28, 88583, 109638, 124972
2014-03-29, 88259, 109433, 125362
2014-03-30, 87472, 108860, 125408
2014-03-31, 86737, 108241, 125188
2014-04-01, 87731, 108344, 125792
2014-04-02, 88786, 108679, 126621
2014-04-03, 88898, 109364, 126889
2014-04-04, 89014, 109996, 127170
2014-04-05, 88861, 109839, 127608
2014-04-06, 88092, 109263, 127635
2014-04-07, 87331, 108683, 127100
2014-04-08, 88443, 108996, 127329
2014-04-09, 89355, 109236, 127494
2014-04-10, 89258, 109852, 127491
2014-04-11, 89168, 110406, 127555
2014-04-12, 88918, 110125, 127976
2014-04-13, 88167, 109565, 127974
2014-04-14, 87509, 108997, 127425
2014-04-15, 88525, 109191, 127607
2014-04-16, 89331, 109336, 127591
2014-04-17, 89176, 109932, 127580
2014-04-18, 89053, 110388, 127604
2014-04-19, 88580, 110076, 127420
2014-04-20, 87777, 109320, 127347
2014-04-21, 87075, 108692, 126803
2014-04-22, 87811, 108627, 126682
2014-04-23, 88661, 108709, 126683
2014-04-24, 88631, 109365, 126717
2014-04-25, 88454, 109829, 126700
2014-04-26, 88239, 109704, 127067
2014-04-27, 87460, 109111, 127076
2014-04-28, 86840, 108465, 126557
2014-04-29, 87907, 108636, 126750
2014-04-30, 88717, 108713, 126751
2014-05-01, 88562, 109307, 126722
2014-05-02, 88217, 109729, 126620
2014-05-03, 87949, 109566, 126994
2014-05-04, 87107, 109004, 126939
2014-05-05, 86419, 108438, 126409
2014-05-06, 87505, 108658, 126634
2014-05-07, 88420, 108791, 126749
2014-05-08, 88380, 109460, 126852
2014-05-09, 88333, 110066, 126936
2014-05-10, 88090, 109768, 127275
2014-05-11, 87235, 109092, 127236
2014-05-12, 86515, 108467, 126568
2014-05-13, 87597, 108711, 126794
2014-05-14, 88497, 108941, 126937
2014-05-15, 88433, 109580, 127001
2014-05-16, 88376, 110128, 127089
2014-05-17, 88152, 109914, 127504
2014-05-18, 87332, 109306, 127451
2014-05-19, 86957, 108713, 126993
2014-05-20, 88015, 108920, 127068
2014-05-21, 88969, 109132, 127157
2014-05-22, 89136, 109757, 127189
2014-05-23, 89004, 110292, 127164
2014-05-24, 88729, 110066, 127558
2014-05-25, 87901, 109392, 127491
2014-05-26, 87158, 108738, 126967
2014-05-27, 87582, 108491, 126760
2014-05-28, 88528, 108792, 126864
2014-05-29, 88407, 109417, 126870
2014-05-30, 88077, 109844, 126753
2014-05-31, 87766, 109552, 127091
2014-06-01, 87123, 108826, 127044
2014-06-02, 86398, 108130, 126475
2014-06-03, 87469, 108336, 126735
2014-06-04, 88342, 108529, 126856
2014-06-05, 88261, 109177, 126897
2014-06-06, 88089, 109704, 126907
2014-06-07, 87718, 109434, 127266
2014-06-08, 87013, 108926, 127411
2014-06-09, 86272, 108271, 126724
2014-06-10, 87110, 108266, 126710
2014-06-11, 87994, 108416, 126743
2014-06-12, 87926, 108999, 126752
2014-06-13, 87729, 109454, 126741
2014-06-14, 87437, 109122, 127067
2014-06-15, 86582, 108465, 127005
2014-06-16, 85825, 107785, 126354
2014-06-17, 86923, 107999, 126576
2014-06-18, 87746, 108352, 126584
2014-06-19, 87782, 109065, 126683
2014-06-20, 87671, 109590, 126708
2014-06-21, 87438, 109527, 127106
2014-06-22, 86598, 108827, 127057
2014-06-23, 85921, 108143, 126441
2014-06-24, 86981, 108289, 126541
2014-06-25, 87841, 108389, 126538
2014-06-26, 88122, 108887, 126495
2014-06-27, 87869, 109283, 126474
2014-06-28, 87477, 108961, 126773
2014-06-29, 86745, 108210, 126724
2014-06-30, 86098, 107506, 126076
2014-07-01, 87158, 107828, 126169
2014-07-02, 88079, 108049, 126263
2014-07-03, 88048, 108656, 126284
2014-07-04, 87869, 109121, 126273
2014-07-05, 87340, 108590, 126408
2014-07-06, 86454, 107864, 126308
2014-07-07, 85716, 107090, 125659
2014-07-08, 86574, 107213, 125743
2014-07-09, 87492, 107391, 125844
2014-07-10, 87554, 107958, 125793
2014-07-11, 87399, 108467, 125790
2014-07-12, 87093, 108181, 126105
2014-07-13, 86349, 107472, 126040
2014-07-14, 85672, 106840, 125412
2014-07-15, 86766, 106998, 125524
2014-07-16, 87554, 107031, 125446
2014-07-17, 87316, 107569, 125364
2014-07-18, 87177, 108117, 125602
2014-07-19, 86797, 107869, 125951
2014-07-20, 86063, 107262, 125952
2014-07-21, 85400, 106622, 125492
2014-07-22, 86463, 106814, 125583
2014-07-23, 87356, 106985, 125603
2014-07-24, 87278, 107563, 125518
2014-07-25, 89681, 110507, 127883
2014-07-26, 90904, 111999, 129607
2014-07-27, 90199, 111428, 129613
2014-07-28, 89527, 110812, 129059
2014-07-29, 90724, 111212, 129231
2014-07-30, 91667, 111449, 129249
2014-07-31, 91550, 112066, 129372
2014-08-01, 91541, 112642, 129434
2014-08-02, 91410, 112424, 129797
2014-08-03, 90614, 111782, 129721
2014-08-04, 90106, 111222, 129100
2014-08-05, 91383, 111492, 129307
2014-08-06, 92375, 111751, 129343
2014-08-07, 92344, 112201, 129314
2014-08-08, 92336, 112741, 129332
2014-08-09, 92083, 112551, 129628
2014-08-10, 91327, 111853, 129590
2014-08-11, 90621, 111192, 128978
2014-08-12, 91743, 111407, 129044
2014-08-13, 92669, 111644, 129136
2014-08-14, 92610, 112258, 129084
2014-08-15, 92577, 112839, 129125
2014-08-16, 92208, 112421, 129385
2014-08-17, 91389, 111741, 129336
2014-08-18, 90802, 111084, 128771
2014-08-19, 91887, 111322, 128924
2014-08-20, 92781, 111519, 128962
2014-08-21, 92740, 112164, 129005
2014-08-22, 92634, 112713, 129055
2014-08-23, 92568, 112635, 129533
2014-08-24, 89687, 111994, 129502
2014-08-25, 87596, 111427, 129213
2014-08-26, 88400, 111531, 129214
2014-08-27, 89249, 111710, 129228
2014-08-28, 88959, 112295, 129278
2014-08-29, 88665, 112830, 129325
2014-08-30, 88248, 112496, 129624
2014-08-31, 87306, 111869, 129551
2014-09-01, 86570, 111318, 128934
2014-09-02, 87232, 111232, 128785
2014-09-03, 88411, 111758, 129121
2014-09-04, 88440, 112557, 129221
2014-09-05, 88505, 113264, 129400
2014-09-06, 88427, 113095, 129628
2014-09-07, 87574, 112561, 129606
2014-09-08, 86905, 112058, 129098
2014-09-09, 88107, 112428, 129322
2014-09-10, 89079, 112651, 129391
2014-09-11, 88970, 113241, 129410
2014-09-12, 88934, 113803, 129494
2014-09-13, 88820, 113699, 130011
2014-09-14, 88021, 113108, 129996
2014-09-15, 87474, 112568, 129406
2014-09-16, 88559, 112807, 129578
2014-09-17, 89562, 113159, 129712
2014-09-18, 89592, 113815, 129852
2014-09-19, 89606, 114420, 129995
2014-09-20, 89407, 114241, 130415
2014-09-21, 88598, 113599, 130421
2014-09-22, 87796, 113094, 129947
2014-09-23, 88847, 111367, 130109
2014-09-24, 89804, 110270, 130245
2014-09-25, 89860, 110795, 130292
2014-09-26, 89761, 111253, 130347
2014-09-27, 89642, 110878, 130784
2014-09-28, 88777, 110078, 130746
2014-09-29, 88115, 109405, 130176
2014-09-30, 89191, 109500, 130336
2014-10-01, 90140, 109691, 130510
2014-10-02, 90617, 110445, 130708
2014-10-03, 90621, 111095, 130938
2014-10-04, 90360, 110843, 131381
2014-10-05, 89512, 110233, 131398
2014-10-06, 88578, 109700, 130827
2014-10-07, 89667, 109945, 131140
2014-10-08, 90636, 110230, 131409
2014-10-09, 90564, 110832, 131470
2014-10-10, 90623, 111505, 131581
2014-10-11, 90462, 111296, 131968
2014-10-12, 89702, 110662, 131946
2014-10-13, 88996, 110118, 131415
2014-10-14, 89943, 110212, 131537
2014-10-15, 90785, 110524, 131734
2014-10-16, 90750, 111378, 131973
2014-10-17, 90819, 112110, 132212
2014-10-18, 90646, 111929, 132579
2014-10-19, 89906, 111303, 132544
2014-10-20, 89255, 110711, 132026
2014-10-21, 90397, 110979, 132232
2014-10-22, 91281, 111077, 132406
2014-10-23, 91204, 111758, 130680
2014-10-24, 91078, 112290, 129464
2014-10-25, 90856, 112189, 129760
2014-10-26, 90127, 111587, 129690
2014-10-27, 89592, 111067, 128972
2014-10-28, 90703, 111298, 129044
2014-10-29, 91640, 111533, 129105
2014-10-30, 91650, 112249, 129132
2014-10-31, 91390, 112746, 129099
2014-11-01, 91083, 112769, 129427
2014-11-02, 90324, 112142, 129419
2014-11-03, 89774, 111546, 128870
2014-11-04, 90800, 111690, 129043
2014-11-05, 91742, 111687, 129204
2014-11-06, 91787, 112387, 129284
2014-11-07, 91710, 112982, 129392
2014-11-08, 91533, 112805, 129827
2014-11-09, 90762, 112233, 129810
2014-11-10, 90117, 111733, 129284
2014-11-11, 91199, 112013, 129481
2014-11-12, 91995, 112054, 129526
2014-11-13, 92154, 112742, 129575
2014-11-14, 92137, 113218, 129720
2014-11-15, 91857, 112796, 130137
2014-11-16, 90906, 112127, 130129
2014-11-17, 90147, 111554, 129576
2014-11-18, 91308, 111943, 129844
2014-11-19, 92122, 112092, 129900
2014-11-20, 92080, 112742, 129930
2014-11-21, 92005, 113281, 129847
2014-11-22, 91889, 113041, 130271
2014-11-23, 91135, 112424, 130251
2014-11-24, 90474, 111845, 129778
2014-11-25, 91379, 111988, 129856
2014-11-26, 92116, 112130, 129879
2014-11-27, 91823, 112626, 129807
2014-11-28, 91254, 112864, 129571
2014-11-29, 90519, 112388, 129719
2014-11-30, 89653, 111657, 129699
2014-12-01, 89025, 111089, 129446
2014-12-02, 90176, 111405, 129719
2014-12-03, 91143, 111689, 129799
2014-12-04, 91163, 112341, 129835
2014-12-05, 91038, 112875, 129626
2014-12-06, 90795, 112694, 130041
2014-12-07, 89944, 112022, 130011
2014-12-08, 89252, 111442, 129464
2014-12-10, 91245, 111862, 129839
2014-12-11, 91286, 112570, 129993
2014-12-12, 91265, 113142, 130034
2014-12-13, 91148, 113230, 130622
2014-12-14, 90545, 112813, 130700
2014-12-15, 90010, 112265, 130025
2014-12-16, 91138, 112429, 130216
2014-12-17, 92027, 112572, 130325
2014-12-18, 91963, 113167, 130399
2014-12-19, 91883, 113727, 130486
2014-12-20, 91566, 113504, 130902
2014-12-21, 90774, 112933, 130936
2014-12-22, 90058, 112358, 130340
2014-12-23, 90689, 112289, 130243
2014-12-24, 91132, 112151, 130074
2014-12-25, 90401, 112253, 129684
2014-12-26, 89790, 112506, 129571
2014-12-27, 89191, 111966, 129761
2014-12-28, 88812, 111329, 129805
2014-12-29, 88424, 110583, 129258
2014-12-30, 88884, 110288, 128928
2014-12-31, 89247, 110101, 128678
2015-01-01, 88322, 110186, 128220
2015-01-02, 87072, 110103, 127782
2015-01-03, 86239, 109608, 127978
2015-01-04, 85236, 108918, 127997
2015-01-05, 84357, 108268, 127461
2015-01-06, 86134, 108826, 127942
2015-01-07, 87426, 109226, 128246
2015-01-08, 87749, 110193, 128567
2015-01-09, 87774, 110983, 128825
2015-01-10, 87477, 110894, 129333
2015-01-11, 86490, 110345, 129375
2015-01-12, 85422, 109744, 128985
2015-01-13, 86769, 110206, 129366
2015-01-14, 88008, 110666, 129567
2015-01-15, 88107, 111588, 129741
2015-01-16, 88643, 112734, 130269
2015-01-17, 88690, 112887, 130971
2015-01-18, 87768, 112351, 131045
2015-01-19, 86727, 111720, 130516
2015-01-20, 87958, 111986, 130716
2015-01-21, 89323, 112482, 131108
2015-01-22, 89870, 113395, 131407
2015-01-23, 90435, 114249, 131720
2015-01-24, 91041, 114221, 132232
2015-01-25, 90878, 113699, 132299
2015-01-26, 90722, 113226, 131769
2015-01-27, 91959, 113937, 132052
2015-01-28, 93048, 114555, 132147
2015-01-29, 93710, 115390, 132348
2015-01-30, 94267, 116132, 132589
2015-01-31, 94811, 116026, 133129
2015-02-01, 94898, 115302, 133138
2015-02-02, 94754, 114633, 132614
2015-02-03, 96084, 115068, 132996
2015-02-04, 97186, 115446, 133313
2015-02-05, 97190, 116274, 133546
2015-02-06, 97281, 116998, 133781
2015-02-07, 97175, 116959, 134320
2015-02-09, 95669, 115605, 133882
2015-02-10, 96829, 115913, 134292
2015-02-11, 97810, 116020, 134537
2015-02-12, 97842, 116606, 134720
2015-02-13, 97741, 117131, 134933
2015-02-14, 97546, 116918, 135448
2015-02-15, 96319, 116176, 135429
2015-02-16, 95411, 115527, 134917
2015-02-17, 96120, 115457, 134975
2015-02-18, 97060, 115524, 135146
2015-02-19, 97140, 116147, 135262
2015-02-20, 96866, 116673, 135323
2015-02-21, 96635, 116691, 135847
2015-02-22, 95797, 116335, 135944
2015-02-23, 95136, 116293, 135515
2015-02-24, 96216, 116975, 135823
2015-02-25, 97142, 117596, 136099
2015-02-26, 97165, 118260, 136485
2015-02-27, 97021, 118873, 136845
2015-02-28, 96755, 119060, 137274
2015-03-01, 95961, 118830, 137320
2015-03-02, 95229, 118764, 136827
2015-03-03, 96439, 119795, 137098
2015-03-04, 97418, 120425, 137199
2015-03-05, 97495, 121213, 137401
2015-03-06, 97408, 121820, 137516
2015-03-07, 97087, 121541, 137926
2015-03-08, 96194, 120931, 137921
2015-03-09, 95348, 120348, 137440
2015-03-10, 96302, 120514, 137580
2015-03-11, 97241, 120672, 137589
2015-03-12, 97215, 121329, 137635
2015-03-13, 97127, 121983, 137593
2015-03-14, 96898, 121776, 137845
2015-03-15, 96008, 121062, 137706
2015-03-16, 95286, 120437, 137054
2015-03-17, 96596, 120523, 137357
2015-03-18, 97400, 120420, 137354
2015-03-19, 97764, 121046, 137352
2015-03-20, 97819, 121660, 137308
2015-03-21, 97608, 121492, 137597
2015-03-22, 96851, 120755, 137547
2015-03-23, 96141, 120065, 137085
2015-03-24, 97184, 120202, 137476
2015-03-25, 98051, 120335, 138010
2015-03-26, 98019, 120932, 138347
2015-03-27, 97867, 121447, 138696
2015-03-28, 97611, 121236, 139068
2015-03-29, 96751, 120526, 139064
2015-03-30, 95963, 119862, 138829
2015-03-31, 96967, 120069, 139317
2015-04-01, 97774, 120146, 139802
2015-04-02, 97772, 120861, 140526
2015-04-03, 97538, 121377, 140876
2015-04-04, 97061, 120995, 141174
2015-04-05, 96194, 120267, 141119
2015-04-06, 95373, 119575, 140446
2015-04-07, 96171, 119557, 140462
2015-04-08, 97177, 119744, 140674
2015-04-09, 97270, 120388, 140766
2015-04-10, 97238, 121023, 140846
2015-04-11, 96968, 120789, 141235
2015-04-12, 96009, 120024, 141181
2015-04-13, 95271, 119376, 140585
2015-04-14, 96301, 119541, 140702
2015-04-15, 97229, 119685, 140732
2015-04-16, 97101, 120252, 140401
2015-04-17, 96971, 120797, 140231
2015-04-18, 96696, 120823, 140580
2015-04-19, 95757, 120156, 140523
2015-04-20, 95061, 119624, 140024
2015-04-21, 96118, 119851, 140086
2015-04-22, 96896, 119924, 140022
2015-04-23, 96895, 120583, 140045
2015-04-24, 96848, 121119, 140042
2015-04-25, 96635, 120909, 140376
2015-04-26, 95792, 120172, 140306
2015-04-27, 94983, 119462, 139701
2015-04-28, 96048, 119597, 139766
2015-04-29, 96922, 119689, 139770
2015-04-30, 96689, 120160, 139689
2015-05-01, 96458, 120551, 139579
2015-05-02, 96022, 120110, 139807
2015-05-03, 95174, 119325, 139717
2015-05-04, 94681, 118655, 139084
2015-05-05, 95831, 118863, 139233
2015-05-06, 96843, 119045, 139320
2015-05-07, 97002, 119644, 139279
2015-05-08, 96865, 120148, 139202
2015-05-09, 96589, 119922, 139533
2015-05-10, 95716, 119226, 139489
2015-05-11, 95029, 118576, 138868
2015-05-12, 96215, 118762, 139005
2015-05-13, 97149, 118929, 139076
2015-05-14, 97249, 119625, 139135
2015-05-15, 97183, 120171, 139125
2015-05-16, 96934, 119939, 139500
2015-05-17, 96071, 119240, 139460
2015-05-18, 95343, 118576, 139062
2015-05-19, 96387, 118685, 139179
2015-05-20, 97351, 118925, 139384
2015-05-21, 97353, 119601, 139494
2015-05-22, 97522, 120342, 139686
2015-05-23, 97271, 120115, 140046
2015-05-24, 96337, 119424, 139967
2015-05-25, 95522, 118788, 139377
2015-05-26, 95866, 118463, 138999
2015-05-27, 96923, 118754, 139143
2015-05-28, 96837, 119377, 139116
2015-05-29, 96744, 120018, 139178
2015-05-30, 96537, 119728, 139516
2015-05-31, 95657, 119020, 139431
2015-06-01, 95076, 118419, 138738
2015-06-02, 96491, 118942, 139053
2015-06-03, 97463, 119378, 139199
2015-06-04, 97586, 120133, 139324
2015-06-05, 97483, 120713, 139326
2015-06-06, 97205, 120653, 139686
2015-06-07, 96362, 119888, 139591
2015-06-08, 95574, 119169, 138985
2015-06-09, 96710, 119414, 139154
2015-06-10, 97617, 119675, 139235
2015-06-11, 97591, 120320, 139175
2015-06-12, 97509, 120881, 139191
2015-06-13, 97135, 120598, 139470
2015-06-14, 96183, 119932, 139408
2015-06-15, 95406, 119338, 138816
2015-06-16, 96575, 119639, 139028
2015-06-17, 97527, 119854, 139103
2015-06-18, 97495, 120437, 139040
2015-06-19, 97319, 120950, 139072
2015-06-20, 96971, 120706, 139435
2015-06-21, 95944, 120046, 139335
2015-06-22, 95089, 119336, 138674
2015-06-23, 96177, 119494, 138826
2015-06-24, 97112, 119633, 138908
2015-06-25, 97638, 120256, 138950
2015-06-26, 97448, 120774, 138962
2015-06-27, 97213, 120511, 139342
2015-06-28, 96353, 119793, 139304
2015-06-29, 95502, 119109, 138612
2015-06-30, 96497, 119181, 138676
2015-07-01, 97237, 119360, 138702
2015-07-02, 97198, 120026, 138803
2015-07-03, 97055, 120531, 138969
2015-07-04, 96508, 120115, 139177
2015-07-05, 95646, 119317, 139109
2015-07-06, 94836, 118628, 138657
2015-07-07, 95897, 118830, 138745
2015-07-08, 96835, 118974, 138761
2015-07-09, 96806, 119667, 138831
2015-07-10, 96633, 120158, 138839
2015-07-11, 96395, 119909, 139215
2015-07-12, 95504, 119218, 139175
2015-07-13, 94767, 118515, 138595
2015-07-14, 95975, 118763, 138879
2015-07-15, 97050, 119051, 139138
2015-07-16, 96973, 119629, 139117
2015-07-17, 96825, 120167, 139167
2015-07-18, 96474, 119886, 139456
2015-07-19, 95527, 119077, 139329
2015-07-20, 94721, 118306, 138672
2015-07-21, 95787, 118295, 138839
2015-07-22, 96726, 118429, 138840
2015-07-23, 96739, 119140, 138827
2015-07-24, 96665, 119730, 138837
2015-07-25, 96312, 119854, 139172
2015-07-26, 95396, 119100, 139094
2015-07-27, 94486, 118408, 138401
2015-07-28, 95434, 118555, 138487
2015-07-29, 96238, 118528, 138410
2015-07-30, 96107, 119122, 138314
2015-07-31, 95843, 119563, 138380
2015-08-01, 95362, 119279, 138713
2015-08-02, 94413, 118608, 138647
2015-08-03, 93883, 117995, 138076
2015-08-04, 95212, 118334, 138266
2015-08-05, 96286, 118576, 138400
2015-08-06, 96624, 119459, 138659
2015-08-07, 96537, 120085, 138714
2015-08-08, 96265, 119776, 139073
2015-08-09, 95372, 119072, 138999
2015-08-10, 94626, 118465, 138412
2015-08-11, 95762, 118591, 138519
2015-08-12, 96691, 118803, 138590
2015-08-13, 96614, 119386, 138534
2015-08-14, 96482, 119855, 138416
2015-08-15, 96183, 119613, 138789
2015-08-16, 95321, 118883, 138723
2015-08-17, 94617, 118220, 138133
2015-08-18, 95865, 118460, 138255
2015-08-19, 96849, 118653, 138254
2015-08-20, 96975, 119378, 138166
2015-08-21, 96951, 120027, 138220
2015-08-22, 96677, 119807, 138641
2015-08-23, 95755, 119064, 138560
2015-08-24, 94975, 118368, 138269
2015-08-25, 96124, 118558, 138386
2015-08-26, 97040, 118606, 138377
2015-08-27, 96990, 119146, 138332
2015-08-28, 97047, 119754, 138339
2015-08-29, 96827, 119520, 138714
2015-08-30, 95952, 118738, 138591
2015-08-31, 95152, 117971, 137988
2015-09-01, 96298, 118176, 138206
2015-09-02, 97468, 118722, 138441
2015-09-03, 97659, 119606, 138691
2015-09-04, 97666, 120313, 138827
2015-09-05, 97445, 120233, 139242
2015-09-06, 96549, 119504, 139222
2015-09-07, 95759, 118906, 138605
2015-09-08, 96292, 118711, 138374
2015-09-09, 96945, 119054, 138607
2015-09-10, 96977, 119738, 138643
2015-09-11, 96914, 120346, 138762
2015-09-12, 96743, 120143, 139177
2015-09-13, 95935, 119508, 139150
2015-09-14, 95216, 118863, 138596
2015-09-15, 96343, 119055, 138735
2015-09-16, 97349, 119316, 138852
2015-09-17, 97364, 120061, 138970
2015-09-18, 97298, 120751, 139107
2015-09-19, 97128, 120704, 139592
2015-09-20, 96315, 120070, 139598
2015-09-21, 95586, 119468, 139038
2015-09-22, 96804, 119734, 139256
2015-09-23, 97763, 119956, 139370
2015-09-24, 97812, 120696, 139445
2015-09-25, 97721, 121327, 139428
2015-09-26, 97509, 121182, 139791
2015-09-27, 96527, 120604, 139765
2015-09-28, 95653, 119987, 139188
2015-09-29, 96757, 120184, 139257
2015-09-30, 97697, 120321, 139231
2015-10-01, 97564, 120918, 139178
2015-10-02, 97627, 121784, 139663
2015-10-03, 97389, 121600, 140142
2015-10-04, 96514, 120930, 140146
2015-10-05, 95767, 120267, 139636
2015-10-06, 97052, 120585, 139876
2015-10-07, 97996, 120650, 139960
2015-10-08, 98415, 121327, 140065
2015-10-09, 98367, 121472, 140138
2015-10-10, 98149, 121368, 140651
2015-10-11, 97260, 120673, 140596
2015-10-12, 96411, 120026, 139944
2015-10-13, 97382, 120144, 140043
2015-10-14, 98296, 120283, 140056
2015-10-15, 98459, 121059, 140190
2015-10-16, 98359, 121635, 140240
2015-10-17, 98188, 121443, 140683
2015-10-18, 97325, 120725, 140660
2015-10-19, 96562, 120057, 140150
2015-10-20, 97784, 120374, 140433
2015-10-21, 98655, 120474, 140488
2015-10-22, 98621, 121224, 140560
2015-10-23, 98583, 121850, 140631
2015-10-24, 98398, 121717, 141089
2015-10-25, 97570, 121030, 141076
2015-10-26, 96850, 120381, 140519
2015-10-27, 97922, 120480, 140726
2015-10-28, 98882, 120590, 140834
2015-10-29, 98871, 121269, 140889
2015-10-30, 98642, 121765, 140822
2015-10-31, 98284, 121444, 141185
2015-11-01, 97266, 120619, 141115
2015-11-02, 96553, 119956, 140508
2015-11-03, 97644, 120145, 140661
2015-11-04, 98601, 120348, 140760
2015-11-05, 98540, 121019, 140744
2015-11-06, 98489, 121646, 140717
2015-11-07, 98373, 121835, 141172
2015-11-08, 97566, 121134, 140662
2015-11-09, 96892, 120523, 140121
2015-11-10, 98088, 120773, 140375
2015-11-11, 98991, 120863, 140467
2015-11-12, 98856, 121381, 140399
2015-11-13, 98687, 121879, 140345
2015-11-14, 98408, 121651, 140730
2015-11-15, 97593, 120923, 140698
2015-11-16, 96815, 120251, 140079
2015-11-17, 97978, 120516, 140265
2015-11-18, 98895, 120636, 140318
2015-11-19, 98901, 121344, 140358
2015-11-20, 98699, 121829, 140247
2015-11-21, 98397, 121513, 140627
2015-11-22, 97500, 120790, 140589
2015-11-23, 96726, 120113, 139985
2015-11-24, 97588, 120127, 139928
2015-11-25, 98346, 120178, 139869
2015-11-26, 97974, 120552, 139549
2015-11-27, 97465, 120791, 139226
2015-11-28, 96732, 120236, 139342
2015-11-29, 95764, 119543, 139326
2015-11-30, 94942, 118797, 138626
2015-12-01, 96101, 118917, 138696
2015-12-02, 97118, 119219, 138854
2015-12-03, 97148, 119857, 138825
2015-12-04, 97022, 120412, 138842
2015-12-05, 96753, 120093, 139191
2015-12-06, 95839, 119383, 139173
2015-12-07, 95111, 118780, 138880
2015-12-08, 96119, 118992, 138997
2015-12-09, 96858, 119028, 138917
2015-12-10, 96584, 119544, 138785
2015-12-11, 96389, 120077, 138693
2015-12-12, 96206, 119818, 139016
2015-12-13, 95326, 119101, 138950
2015-12-14, 94468, 118393, 138317
2015-12-15, 95303, 118411, 138254
2015-12-16, 96143, 118412, 138185
2015-12-17, 95894, 118903, 138046
2015-12-18, 95530, 119297, 137871
2015-12-19, 94955, 118886, 138139
2015-12-20, 93877, 118126, 138030
2015-12-21, 93048, 117388, 137324
2015-12-22, 93676, 117167, 137077
2015-12-23, 94107, 116894, 136746
2015-12-24, 93580, 117118, 136384
2015-12-25, 92661, 117050, 135827
2015-12-26, 91900, 116377, 135796
2015-12-27, 91358, 115593, 135687
2015-12-28, 90961, 114805, 134979
2016-01-08, 88996, 113564, 132766
2016-01-09, 88709, 113295, 133187
2016-01-10, 87608, 112591, 133186
2016-01-11, 86725, 112008, 132609
2016-01-12, 88106, 112276, 132771
2016-01-13, 89244, 112428, 132820
2016-01-14, 89262, 113069, 132851
2016-01-15, 89155, 113654, 132841
2016-01-16, 88930, 113410, 133266
2016-01-17, 87934, 112640, 133246
2016-01-18, 87079, 111821, 132584
2016-01-19, 88259, 111838, 132658
2016-01-20, 89512, 112112, 132802
2016-01-21, 89874, 112872, 132897
2016-01-22, 90217, 113595, 133016
2016-01-23, 90392, 113491, 133448
2016-01-24, 90203, 112782, 133387
2016-01-25, 90216, 112259, 132780
2016-01-26, 91550, 112867, 132993
2016-01-27, 92581, 113341, 132946
2016-01-28, 93241, 114021, 132882
2016-01-29, 93772, 114660, 132877
2016-01-30, 94162, 114443, 133375
2016-01-31, 94008, 113694, 133323
2016-02-01, 94123, 113003, 132722
2016-02-02, 95406, 113303, 132905
2016-02-03, 96459, 113471, 133027
2016-02-04, 96393, 114180, 133097
2016-02-05, 96319, 114734, 133166
2016-02-06, 96184, 114427, 133503
2016-02-07, 95425, 113727, 133416
2016-02-08, 94740, 113088, 132796
2016-02-09, 95746, 113155, 132898
2016-02-10, 96644, 113334, 133037
2016-02-11, 96647, 114025, 133085
2016-02-12, 96596, 114592, 133053
2016-02-13, 96397, 114420, 133422
2016-02-14, 95579, 113714, 133410
2016-02-15, 94839, 113073, 132781
2016-02-16, 95648, 113115, 132714
2016-02-17, 96588, 113365, 132712
2016-02-18, 96736, 114067, 132688
2016-02-19, 96587, 114705, 132759
2016-02-20, 96416, 114632, 133101
2016-02-21, 95574, 114159, 133064
2016-02-22, 94847, 113760, 132498
2016-02-23, 95855, 114473, 132623
2016-02-24, 96737, 115172, 132809
2016-02-25, 96735, 115821, 133026
2016-02-26, 96719, 116437, 133332
2016-02-27, 96513, 116717, 133775
2016-02-28, 95650, 116456, 133748
2016-02-29, 94878, 116242, 133092
2016-03-01, 95864, 116872, 133121
2016-03-02, 96836, 117734, 133254
2016-03-03, 96844, 118477, 133344
2016-03-04, 96818, 119150, 133387
2016-03-05, 96573, 118887, 133778
2016-03-06, 95740, 118189, 133676
2016-03-07, 94995, 117608, 132980
2016-03-08, 96041, 117776, 133066
2016-03-09, 96822, 117843, 133074
2016-03-10, 96804, 118447, 133008
2016-03-11, 96670, 118907, 132944
2016-03-12, 96324, 118667, 133289
2016-03-13, 95513, 118046, 133241
2016-03-14, 94741, 117445, 132678
2016-03-15, 95876, 117725, 132872
2016-03-16, 96774, 117833, 132935
2016-03-17, 96819, 118382, 132875
2016-03-18, 96615, 118890, 132895
2016-03-19, 96393, 118736, 133241
2016-03-20, 95528, 117958, 133184
2016-03-21, 94801, 117360, 132704
2016-03-22, 95786, 117419, 132943
2016-03-23, 96572, 117459, 133132
2016-03-24, 96477, 118000, 133528
2016-03-25, 96166, 118411, 133892
2016-03-26, 95590, 118054, 134113
2016-03-27, 94776, 117434, 134118
2016-03-28, 93936, 116743, 133873
2016-03-29, 94592, 116614, 134095
2016-03-30, 95400, 116635, 134425
2016-03-31, 95249, 117191, 134826
2016-04-01, 94996, 117638, 135318
2016-04-02, 94763, 117397, 135767
2016-04-03, 94045, 116859, 135905
2016-04-04, 93263, 116215, 135236
2016-04-05, 94346, 116411, 135371
2016-04-06, 95136, 116427, 135344
2016-04-07, 95057, 117032, 135320
2016-04-08, 94904, 117515, 135260
2016-04-09, 94662, 117301, 135605
2016-04-10, 93861, 116705, 135590
2016-04-11, 93152, 116000, 135007
2016-04-12, 94248, 116254, 135229
2016-04-13, 95186, 116402, 135331
2016-04-14, 95194, 117017, 135320
2016-04-15, 95096, 117493, 135244
2016-04-16, 94872, 117345, 135561
2016-04-17, 94049, 116610, 135509
2016-04-18, 93283, 115987, 134991
2016-04-19, 94432, 116193, 135045
2016-04-20, 95248, 116289, 135063
2016-04-21, 95253, 116878, 135004
2016-04-22, 95094, 117357, 134934
2016-04-23, 94817, 117066, 135226
2016-04-24, 94025, 116291, 135155
2016-04-25, 93572, 115602, 134631
2016-04-26, 94550, 115705, 134699
2016-04-27, 95515, 115840, 134705
2016-04-28, 95581, 116299, 134548
2016-04-29, 95410, 116733, 134437
2016-04-30, 95107, 116412, 134746
2016-05-01, 94234, 115650, 134644
2016-05-02, 93432, 114953, 133975
2016-05-03, 94177, 115010, 134002
2016-05-04, 95030, 115161, 134040
2016-05-05, 94939, 115724, 133969
2016-05-06, 94791, 116153, 133886
2016-05-07, 94536, 115900, 134255
2016-05-08, 93735, 115250, 134209
2016-05-09, 93042, 114607, 133616
2016-05-10, 94003, 114734, 133698
2016-05-11, 94810, 114819, 133602
2016-05-12, 94763, 115388, 133593
2016-05-13, 94658, 115883, 133555
2016-05-14, 94434, 115725, 133916
2016-05-15, 93656, 115139, 133889
2016-05-16, 92961, 114575, 133415
2016-05-17, 93982, 114772, 133495
2016-05-18, 94864, 114898, 133546
2016-05-19, 94790, 115507, 133494
2016-05-20, 94713, 116053, 133516
2016-05-21, 94404, 115863, 133868
2016-05-22, 93650, 115173, 133814
2016-05-23, 92921, 114521, 133232
2016-05-24, 93964, 114751, 133285
2016-05-25, 94899, 115125, 133282
2016-05-26, 94780, 115625, 133205
2016-05-27, 94395, 116083, 133107
2016-05-28, 93969, 115925, 133324
2016-05-29, 93025, 115180, 133191
2016-05-30, 92139, 114497, 132478
2016-05-31, 92496, 114136, 132105
2016-06-01, 93402, 114229, 132118
2016-06-02, 93579, 114744, 132166
2016-06-03, 93453, 115260, 132168
2016-06-04, 93155, 114982, 132485
2016-06-05, 92390, 114316, 132404
2016-06-06, 91662, 113705, 131795
2016-06-07, 92697, 113966, 131981
2016-06-08, 93538, 114141, 132023
2016-06-09, 93441, 114697, 132002
2016-06-10, 93296, 115217, 131997
2016-06-11, 92962, 114955, 132297
2016-06-12, 92158, 114271, 132216
2016-06-13, 91428, 113602, 131651
2016-06-14, 92320, 113691, 131735
2016-06-15, 93142, 113811, 131783
2016-06-16, 93028, 114322, 131706
2016-06-17, 92857, 114786, 131651
2016-06-18, 92533, 114446, 131953
2016-06-19, 91626, 113777, 131873
2016-06-20, 90817, 113063, 131294
2016-06-21, 91735, 113161, 131301
2016-06-22, 92512, 113231, 131249
2016-06-23, 92325, 113750, 131190
2016-06-24, 92031, 114194, 131295
2016-06-25, 91691, 113897, 131585
2016-06-26, 90918, 113064, 131564
2016-06-27, 90215, 112356, 131098
2016-06-28, 91154, 112354, 131056
2016-06-29, 91895, 112230, 130917
2016-06-30, 92250, 112729, 130813
2016-07-01, 92042, 113162, 130694
2016-07-02, 91768, 113001, 130876
2016-07-03, 90939, 112244, 130767
2016-07-04, 90202, 111583, 130145
2016-07-05, 90647, 111370, 129905
2016-07-06, 91435, 111429, 129919
2016-07-07, 91358, 112007, 129950
2016-07-08, 91259, 112511, 129989
2016-07-09, 90974, 112214, 130285
2016-07-10, 90140, 111504, 130232
2016-07-11, 89423, 110846, 129632
2016-07-12, 90473, 111085, 129792
2016-07-13, 91354, 111203, 129791
2016-07-14, 91368, 111774, 129815
2016-07-15, 91152, 112169, 129743
2016-07-16, 90888, 111940, 130102
2016-07-17, 90029, 111249, 130006
2016-07-18, 89310, 110594, 129400
2016-07-19, 90331, 110704, 129522
2016-07-20, 91198, 110779, 129436
2016-07-21, 91174, 111319, 129430
2016-07-22, 90939, 111722, 129343
2016-07-23, 90594, 111397, 129658
2016-07-24, 89732, 110639, 129580
2016-07-25, 89023, 109984, 128978
2016-07-26, 90028, 110235, 128989
2016-07-27, 90826, 110275, 128875
2016-07-28, 90762, 110908, 128803
2016-07-29, 90560, 111366, 128600
